volumen_compra_anual_usd,frecuencia_compra_mensual,antiguedad_cliente_meses,tasa_devolucion_pct,tickets_soporte_trimestral
61585.82999202177,1.403170270360141,11.291588838053528,8.440379035956648,16.14221629943063
300767.47957646905,10.733748534889049,75.085419216101,0.3538139920116162,1.7170077758114304
79423.40654987218,1.3138966119644735,21.69225413681665,8.505964015900183,14.925164974216411
224810.29765216436,7.1762460677550655,147.1771695560974,0.7234591663176255,4.009817089342635
298432.3804526889,6.698714861756346,46.64089983542631,0.5382198136039806,4.108182816737516
42693.56897375783,1.1988939698191097,12.75827747727847,8.479569175992202,16.40579283016633
70798.09374792152,2.2716217641360945,21.12789631153471,12.23279713923881,18.790105848491432
224548.69638752233,6.473481686914966,88.10077051507061,0.7390093257849685,4.6334315323010955
266996.6634977262,6.938997704778945,20.376724598567712,0.6317088545345662,2.5322987986881085
191254.91323338173,0.46482911911358576,7.512790368239909,2.9944039811709535,0.23444624872213893
2271280.0217929822,17.926635381367078,59.106649010805995,1.8282768043169149,44.26365745327361
388458.00905409653,10.075079888515798,58.0546430302017,0.29967599802101685,1.4070062664683307
150060.27376811122,0.3198758530704262,29.733583123015762,1.2741932712094033,0.5181205368946946
459977.50309922,6.487298509431393,54.668932586593314,0.6363782979252623,3.3819354522315535
84234.16960284687,1.791048851734308,9.799053529111875,8.230555648876305,3.238445461342879
50640.08298131533,0.915041582144856,13.699727229276853,7.900310028066618,12.43407361910819
146211.78567322702,0.3676035644406782,23.49576479625627,4.235811620006938,0.8953430902103192
1699146.6938853015,14.340984336487464,41.392038827206406,1.812833673882503,21.34816684141432
28697.726738492547,2.334952252175703,13.792517450194117,14.51282815249344,11.848864992367044
182962.28342162026,0.4342763048502031,26.95361791050956,4.1941094030473725,1.1718939407749427
166337.238230116,0.18037512962325047,23.859583788383144,2.3707366063072115,1.4345780321946366
165023.7179805414,0.5924345332163886,7.57798579675411,4.5337277099165,1.4436454186333711
52670.81809564565,1.6537033489045503,13.203415183385657,7.329602052884444,18.85940653238983
39075.11103495034,1.8481937237283577,13.010765857617686,8.80137995303445,6.457303144085218
314929.47716801026,9.153113926111534,57.34617970882011,0.3964777401927657,1.443418101340249
143131.41058003018,0.549300955686401,20.8281164472127,3.5752050161065663,0.8152365355833207
96407.13834799224,0.5038295554831504,8.294645640040837,2.451712703509399,2.1819362473096806
215651.8431121598,7.8888306581790895,73.4464546014198,0.5395199209384799,2.3070948022040927
257986.42198522727,11.818833280940261,109.17622142008534,0.42133223753452786,0.10374462180631072
52973.34914404223,1.612342362875943,9.991348007360756,8.24731925880351,25.57737338806814
134196.3571986475,0.9179077443389547,8.988647977284177,2.6079873600808705,0.6547294738418703
37731.9467291812,0.7908171335334842,6.269264523903882,7.07237276885041,16.014958645978293
115264.3434455471,0.5329521682473033,29.691109211007745,3.6659242520544613,1.5088307334217512
371945.3119563905,7.561798942382271,107.34130679104152,0.36947520413952184,2.937406872100478
2323844.269050346,12.969233999082125,55.887425801678766,1.1599876392107547,30.415256215876383
79814.52273699903,1.3001819071926988,18.17976490548697,10.280167891068807,14.576206582783458
196878.50688132792,0.6206374862164686,6.508330904596512,2.0188344688603186,0.9756738242147744
408095.49667995865,7.449896605696712,113.90604461994309,0.4646105545011901,2.953079421120816
338582.91255440615,10.992088622978367,62.529424746731905,0.3929529576878864,4.749576743186939
223170.92689992825,8.427959821468445,70.95780549278965,0.8591755346191043,1.2602862212219004
64841.90744018614,1.2669817490658788,4.925761253041185,6.162687876078686,18.812500181504348
363720.15727657685,6.2774315973434724,98.78245456666232,0.7338591180891345,3.0519458858072994
88964.37870429206,0.8066867402592651,33.49532884837009,3.4086528114806707,1.2360011354596372
311279.5339857156,8.496441172600672,109.93873741331092,0.26832706216149144,3.940771187988216
1471144.5355220498,13.445189345179058,65.68310916762218,1.7412362076215926,21.741998261970913
254983.73421309039,8.622500309087073,126.05449064216694,0.5447575903277797,2.5718848390340874
2248357.0765056163,15.972251908184385,43.015551095395026,1.6252464251729384,26.788936801741418
1767135.1232148716,14.443023070008548,59.6818334946094,1.893542301871226,30.677828200902994
140308.6930613598,0.39735728670568293,15.327186569119464,4.422369861698508,1.5176246673618763
2033764.1023439618,14.892521882670145,76.8335317312332,1.461449145292948,28.43130095187257
387237.28141162195,4.9696178756028955,75.77549774207162,0.22413615439709456,3.076821891060255
140707.82067676447,9.26556373221257,93.12474842414312,0.3066047713741574,3.918316606002313
232705.92213856263,4.67695987546208,60.51905333723923,0.876231413888118,3.421920754235285
69622.00678155129,0.39117719957716146,6.3796157013302714,2.5355957376906124,1.0163984977057932
437359.4074390765,8.667324210573897,53.35803418031257,0.3636031504004403,3.319781934142537
263682.44453503116,6.414254335475311,85.42124241634772,0.38585074125010477,2.3283766320619486
246116.6834060673,8.742291746742618,69.32357272819324,0.49088279672890045,4.594505063224972
1545987.9622393944,16.084908075142902,73.71387377418024,1.3773059419985647,22.573182260854484
266245.0896390567,8.826869806447402,73.57209054162442,0.639644662722718,3.0488600703257043
305235.1563742514,14.157761616910475,106.45628143553907,0.4967154207854496,4.50075979063431
201955.58937101343,0.5379412335220791,6.000488659725378,1.8834755600513409,1.3416644964055346
60775.11984892738,1.7279438860408038,0.0,1.481991361957892,18.173954882208854
59730.03287652404,1.5073440973645986,7.991135486766036,8.583822365711729,15.956987456444597
35190.952343138095,0.774569694935306,35.1319584138994,3.143388467342251,1.1197022502676885
271101.480235368,10.239149822869154,114.51732227985981,0.7376786546896168,3.8502217421134928
2098430.617934562,16.539802299340067,45.22962820279254,0.7425763876570677,29.26216667398112
106643.48921445498,0.8322940331456037,13.359314428444748,3.6687416555925125,1.2571273780089174
1769680.6145201062,15.888360831193728,45.15659146946302,1.0580712818994336,22.62527344419522
172246.3170483634,5.420078200517892,107.62373756343801,0.5448903637119944,3.5689830791852755
36445.692604957876,2.386125798334872,9.150578060264854,2.354452863507083,18.017165319254296
60829.25456409576,1.0909005582888465,13.166305809464017,5.874779699268611,11.377070796549525
50060.92040306829,2.779099642834126,20.473323332492576,8.345078237442252,13.433405730312835
57866.35678788744,0.9483958171391584,18.98843612674303,10.424173394843436,14.16311250502189
57771.57209061928,1.8314406343337064,5.567165928086359,7.686652344387586,17.185136992014797
43895.50591290665,1.6973357649114906,7.489253699428894,7.47234256270299,12.516609606995535
60730.19687140807,1.7827548228157721,9.103538866907805,9.533607798574941,14.570791423983085
35289.40114820467,2.264234213206266,2.624724858680743,10.128355451417118,10.636134279139206
309805.54329645686,6.84836351871064,110.19616444613908,0.90204090775327,3.346503881730716
109037.10701392511,0.3767277183921045,30.42813630554613,3.849102110743144,0.8329613845100298
120862.0671194209,0.2969811616344262,23.61681574620717,2.339678860526553,0.19671144963066034
298573.7844072983,8.675205324150404,61.21442666803337,0.48356976432148624,4.642015160136369
418951.26121090143,4.787107359484855,71.41151360928544,0.40211211149635556,2.6783649487826175
210194.2218584408,0.5369481157791449,45.51294986113053,3.6170059495766975,0.5840888958847776
408835.7705846281,8.653854747528325,99.1777857373325,0.6681287097977449,3.104201103951876
60593.855087134616,1.195108547840309,3.3703321300958002,13.085153121292258,17.991641024470134
284390.8312232044,7.9840547173667655,75.33681202034208,0.6640964362394728,2.928398740585936
237020.8618364418,8.676992814988829,88.26482402239809,0.6571600317301665,3.1798941511534786
191473.74209658743,0.6481648690840252,32.643274932610865,2.4024898053083583,1.4450992055623935
77804.15098034627,1.3954883713569874,17.298658662882954,8.226300916704778,17.552204405763028
53840.98232980063,1.389373188207114,7.592450539211705,9.101861940204023,8.2662472311162
40241.77183708595,0.6157803172185742,11.854826361654503,8.699648393790504,9.481527340844277
154432.87954807188,0.4360304953490312,19.92571736082214,2.5211625439915957,1.147112064506747
52391.60736828307,1.1415888396985976,0.0,12.836661884766272,17.084489713517353
51289.488296202406,1.1075508434588799,23.239786657305274,5.772588242905855,23.296330678999894
101322.69001477657,0.503923331538798,21.612410788898416,6.109918556005361,1.670230525895174
68686.39822478547,2.1041831152965713,17.91437997407918,5.611922429589533,14.882948745260087
288616.11787233123,6.706854231514947,78.23219044420476,0.6167856370651927,4.030283454031842
334657.7605697453,7.501927920887243,65.332399497819,0.8589115727035576,2.5062434168386876
148721.28439040028,0.25217858486921985,39.07706160606873,3.230070759191402,0.43872759687779306
1718856.2353795136,19.06872008571247,63.61856810800335,1.7063904634682492,28.794846102466337
220558.98585832864,9.392412729626837,71.25607307995638,0.7760182708294903,1.4441043537963727
175273.50795833135,0.6183628267482756,37.67912888057495,2.816803381279612,1.4148662089395874
1293848.1493323543,13.064640736184627,69.02319639224129,1.1231319178212553,25.409370696931614
48590.024438818175,1.4329914166635411,17.51537360745122,6.132051914796644,10.709027897040773
45731.14258139584,2.3634819256167026,8.138701006095229,3.4858388779069935,13.138758172879786
395018.3361889967,7.785939280090885,84.33430300591071,0.33352888537915426,2.9744459290085548
69840.84699073045,2.351107472317619,20.249258514889107,10.033625958592722,13.66472204097596
168094.53851826643,10.188383036941897,77.23716938734782,0.2954414869603189,5.210523001591351
74375.23703394634,1.3135834239541164,6.921860070054759,7.750683282113916,16.98679689294609
305685.3418645295,7.867840402705367,93.79806613714732,0.2103972199167512,4.613711269058647
275896.0618760255,7.230888911540349,107.58458361469233,0.6416712894598706,1.7723921848630075
84558.9800440444,0.44742183415834647,33.82222849144486,4.40159859294643,0.49802131395925076
43258.28057763921,1.9662954159365449,9.57810922054802,3.627345501605208,8.988118686419387
2055461.294854933,17.465707513125672,86.28546750971975,1.9135916245180118,30.444752984836832
163268.11746998143,0.8161081373136747,43.48744555443193,3.0070631586281764,0.7816178813808913
46950.603272389126,1.9078686062696484,18.891824096572293,6.952049611645408,21.46233129419293
229509.01602544836,7.8914102669643755,142.92720335786146,0.1847215686031501,2.230026768941358
196492.39063388313,8.146635934376807,60.03950302226902,0.20712502395803595,2.4464117582920055
276729.9932554908,6.044889510402898,87.60724227508506,0.5373218246312716,2.9423812029664145
1942175.8588058797,12.893840718367944,40.71020118526527,1.6070468720651019,27.524936394902287
454556.09436614905,6.419051089109376,71.58507719759106,0.6045670976070999,1.8124015809704872
365424.0477540509,8.471229116217131,66.54870778020316,0.40953873615018466,1.3070431858046145
51132.99849794214,2.0983157433228254,12.679622463226586,8.13080733911736,7.082800758496849
288004.61025274295,8.508841686602427,109.28740311858814,0.788752920814652,1.6769102065925017
147057.58666799247,11.059100638921228,61.95235328437924,0.1662831852244821,1.6301970204209222
351453.85949988296,7.748426159800704,71.45135934832156,0.5240062653436522,2.8529979983715115
49806.88177966233,0.3011301250782975,41.61776776326233,3.9788580507817954,0.535244569903795
303523.5445323557,10.711275717609901,72.90539307107898,0.3706126444588852,3.543298029036388
386858.31551250507,4.744915124233675,84.44241439356944,0.3882156305456823,3.302635465239033
61998.57459992409,1.2812708498382948,17.11664205073332,5.922737060378433,22.833389816882374
2926139.092254469,16.07133771453524,60.82275569767233,1.0714212217918586,26.082292947909874
361013.2227000479,6.184872675916804,93.5792667444497,0.8154906559526949,3.4956818879726046
198269.87422955854,0.6974669033178204,30.82747273685769,0.8466570801287556,0.7485126147243284
62182.76241814354,2.036253668654901,4.474263460984504,7.221359967248248,14.140315878845058
238333.47033251764,9.671384224130284,39.81901844804051,0.2439391202658211,2.702436496640008
246924.79007859144,5.929515355161252,83.42099790935993,0.5942831112772808,4.172729019259364
200982.50947345182,8.957959651492784,90.51789209268897,0.4505645234958806,2.398632356048786
1727808.6377374087,7.140764687730767,67.04228512560324,1.6383453996650095,22.640340671052833
2157123.666297637,18.010598693676073,45.97586354856561,2.4483964913269736,23.815906966299956
21725.710061900398,1.9639200640406185,10.31203465729072,7.7284001530875175,8.350032047857303
422430.84779487265,9.22833340008685,77.88054678189947,0.557173078144981,1.7053185242790942
309022.1723783924,4.442559502191443,114.1381470137645,0.709910543063867,1.5973947282003065
127490.53675742942,0.5013599689119995,23.19530701631477,1.6340442887994657,0.6421200054446241
326776.1614473786,11.046248154539315,98.23443019124122,0.7764317982075055,3.732640077215579
57481.131396951445,1.8594766553325335,7.03871787576084,11.32909952586867,18.676616694440007
47775.47877302599,1.5285065624485423,12.401944303349232,8.995940991707045,19.13018481736663
1287625.9068932715,19.693930967442018,43.17778724649263,1.670575987408322,16.936420644051744
281327.68886406947,11.764048992950068,139.173554966862,0.49512908154780344,3.6337768809320985
51520.10782824823,1.77811500470033,7.51672992511306,7.638856508139205,18.24323309263913
240025.55907554267,0.26383743693823103,22.70913827109059,4.051947617722918,0.6391312233313733
1882931.5215254098,17.793840357348596,64.84861028177446,1.142824290986816,20.310874800424386
351146.4728471223,9.001834375248762,86.74146356788896,0.6215793019433078,5.403415585238275
1640077.8958026457,10.609455155603644,69.38187446132773,1.6926586898644185,23.327493820795258
1493584.439832788,14.783969635258998,59.58345876353708,1.911030079997245,21.13587392731214
169523.2424964445,0.5996443496993571,43.55196070639653,3.5006657213812096,0.9342637021641661
57836.080108050926,1.9776526042852554,19.905585213647758,9.5261750696898,27.550994134639975
2761514.9282040126,16.835028866522602,50.372672769340575,1.6161268485805018,30.269010260174515
388447.288804787,8.962018463473427,85.97481574261018,0.43593053836113593,2.164652946740243
160664.68536864693,0.8285345906511927,12.833389239959768,3.462591292853951,1.130140253291443
230480.2146316438,11.929450265832779,70.23211183487433,0.54058460417026,3.771698710648345
283673.9097579585,8.540913651559677,89.06441921286284,0.4384443530093998,2.8093175992366533
37809.75595681433,0.9020584689824078,9.44185442276674,8.369614420353457,14.327424725660842
160482.97076373128,0.6430762630882488,47.71671064776449,2.6160287280476484,0.7266599577063673
1854153.1251033617,9.037293256197321,53.95829215060561,2.8600845832948094,28.39798874467338
124551.81871462506,0.8098040302990375,20.999088690621118,4.795211355912322,1.7689659592062763
211806.5360903109,0.4848097952714954,13.817707705640613,4.097152711753695,1.1317436076655298
1424503.2112888487,15.261141204714514,48.11356409843174,1.5065009459389536,25.321400095477316
2383717.3645764543,14.072362872446357,62.09493375398207,1.7369164604558938,27.568929754561044
134813.69856116676,0.5461401811437367,17.864107247035122,2.612900297525599,0.9689044915003445
341032.30358775286,8.097043255889654,34.03369421079067,0.6290968362282151,2.3762310393041948
1020164.9380601122,15.986253328979053,56.13526180553189,1.4635855436715637,25.93227157384714
278350.6020809896,7.134883624360758,88.43606696867697,0.5913506438307568,5.252435805344309
222623.37672353728,0.6177106539541439,17.863841907540156,4.112688374989926,0.3811687888363511
324312.47643663315,8.19866461085845,75.27330690686746,0.41071327708989436,3.2010990467149676
397910.91053657467,6.846457338863335,83.09676714180364,0.4809408935226096,3.1504189051435763
242448.93278339627,3.5777293819842297,46.314606722629044,0.12209185381089377,2.719324923133226
17728.772042465178,1.0202803816382602,6.4655388930089845,6.04999225752962,15.778944778875099
255045.55159169834,7.169424172198397,51.951735390957566,0.585091512356993,4.392002286344599
264672.1270786258,3.0567109997454214,96.42381649125895,0.8693273992095332,2.82692817571613
32303.945719461983,2.427046283167094,15.280401409208276,5.038461418546448,19.53508038746826
59199.44285878233,1.4862425474746819,15.520162808851648,7.614387465683208,18.201638100910728
264811.82609214715,6.979967202290506,109.27566847998969,0.443779941422809,3.440474737960399
55319.26665231072,0.2621176214265344,33.99722011995801,3.666312500909212,0.793267419438362
52834.33827279809,0.5168217053119991,11.7861511062151,11.257946348525097,20.582735243159824
82706.45382633926,0.24796704696548394,45.91928516416242,3.6955377575657775,1.5621766799352512
318276.54086189345,5.740586290684764,53.290152798343165,0.6744914656560289,4.37570681331162
46829.4085394606,1.4391262458083582,11.862791626206707,5.326423323754138,15.358322725020995
192739.39665295254,9.51501542009461,120.09583172598452,0.566891357997405,4.16082678737852
353371.11585666676,9.308731312708115,79.51508054012739,0.7634788131268652,1.756136764608715
307325.7073911624,4.258416157948289,68.95279061309358,0.49196840987113133,3.594754341665286
93058.34411096154,0.22736519908143787,38.15296352166616,1.2926420424070533,1.018968917723801
45813.526456962674,2.044374309852093,10.066077184731961,9.325821948708228,13.445926187644456
116241.08625128093,0.5752819052195033,26.02980447165474,1.9127540611371974,1.5586994079512304
28153.74470654842,1.3175236352285573,13.761347592999776,10.21643144266251,13.767862863257035
284835.55106745794,6.3380997671779244,124.71495283896093,0.932650944661092,4.914031353866786
261459.981199748,7.538130939582644,68.69424037796841,0.7953080699451791,3.233785911790748
317403.7453018227,6.406209489059046,66.58214848431683,0.2859830467347695,3.0155790475814674
255797.64322918415,8.154736615295237,58.05448013760247,0.7133349379178308,3.7276295436369797
364324.47174015146,10.335564123319614,60.579041928544015,0.2496921151619112,2.3610382523104976
31334.640818536078,1.8154058422773889,8.971350472630697,5.84254004227274,14.394906865385954
143286.0418906848,0.24848442821707672,26.00610079864615,3.4209729443893897,1.6907270393452434
207163.83758798632,8.406927271734446,95.74498946947003,0.7088321754138144,5.076747983560841
350225.4411622529,7.454552860504659,95.81883033619557,0.6767319874973345,1.7760597332377435
269908.4646085623,7.183849253956897,67.1237657969787,0.7880234430898946,5.439752406339273
330128.3791574206,7.347952935664318,81.6945624066084,0.6418007515177024,1.3546012530431082
392836.22339800966,8.754600986089704,84.71414734789788,0.6145165562712317,4.364140429973844
379381.83651371906,8.11144982457739,73.91551638969943,0.6227035945460834,3.9638791167949097
226386.8511714037,11.289935427002568,50.21971932677229,0.4933746054252406,3.99626681944714
143027.68621595003,0.9047212438459279,27.290658394397052,3.6835693232004774,0.9664108549753224
20421.768624517426,1.5442034431459237,5.960744608322154,3.2564278939035995,19.224227236264205
56617.60464428914,0.9765445086590302,11.399075541120283,9.051890297820677,12.415090760624787
290239.27092242363,9.502774246743577,82.63330503069439,0.5388179985796615,4.050654396007612
49499.46082509712,1.430772008008113,10.249132386506735,12.919893588114178,21.93005999794037
56433.956123920274,1.5106357883680308,7.631982352625194,11.003138277701424,13.818078727883359
25807.17962617589,1.1216024557152697,14.204193040897069,7.276227036144372,12.31751916369342
38469.791985465614,1.4149076887375358,14.030903060770147,2.590580971232165,12.617354823826032
36862.114420572085,2.1134666119421537,13.077490691637587,9.281583085615054,12.020389420774205
402647.36681492615,6.9775686471376295,118.88122745082482,0.5872647339348064,2.8701793002665736
65183.10320605294,1.498312771294524,9.881002243135871,3.4588568221615184,12.384934645404721
412676.7789072021,5.975791249479665,83.16756270271725,0.4033627075401252,2.196325432030269
93146.16426531007,1.6615838570923906,6.577788835619231,10.859409901739735,12.49313110164014
74261.95399958367,0.9775954029894832,14.798579894601158,5.193683893866214,20.24123498447843
2104431.7975023775,17.746206353106224,50.600960491965154,1.7366188122867725,14.874287066711965
171514.91031818418,7.460250129413257,83.05067630744028,0.8595373053699045,2.980362201073319
257720.6585397019,6.846216260953702,108.34488156043513,0.3871842738526543,3.701172742310898
73931.43003328983,1.4586596570786503,19.781967279366654,7.194408056282503,17.222417864013792
202164.787462136,7.508513871828112,87.99485299711334,0.4654745400118361,2.350722454933993
61546.20475554408,0.20649494684951197,16.54205809701661,3.497743089091394,0.5412485894928682
13275.892537934065,1.3756544369082264,13.058649331663352,4.838952742560938,11.761585920313415
358097.55400720023,5.6042442148223035,80.53535011382539,0.6265863635511022,2.629385667913894
382408.26389903924,7.899523781101726,81.67888531511058,0.5438300655327878,3.217432873179723
253297.53601345548,9.763279513898901,94.66231947566496,0.7217407161165815,2.8036501509150216
169620.79835893837,0.5203712590523973,30.239148613609473,2.6793323744428084,1.4093888218774304
2789606.4077536957,12.482347430332084,82.63423081452636,2.4328872555723784,27.5751763360433
49693.80301654009,0.9291554429332475,19.90269040403919,6.550816844949681,14.780423997534854
0.0,2.5307517883181987,10.877134409972708,7.042838193000145,16.508401575608747
42236.46362917543,0.7371718427149526,24.37514951545887,8.957523531257541,19.34314529975739
324203.8920253567,8.788904284756594,63.39941327565087,0.6139534560464408,3.9817654869915944
323318.0674198503,8.1731795749458,61.84240209333829,0.451752788428734,2.0086076505436927
313750.6504303764,9.541730387773933,78.05955274676388,0.015224134674208634,2.90166037320525
52730.70662165475,1.2714518717068641,3.924121918519509,8.278534703423345,17.833215388804255
243065.05038347264,8.363732510116991,97.43497075034496,0.49927949218188633,2.0103718634296626
157759.53419294895,0.17136223776916654,7.635058459678033,4.674492433347537,0.9782615250930687
1768291.1535937688,13.56247728646413,36.9747454164115,1.0126591648863392,27.854452553465833
63558.51742678538,1.570443123455602,14.422380542019656,10.12464326976967,11.113373061834857
345777.76990750985,9.125938473381142,50.19692888727457,0.7556903725214598,2.8604103718448264
349659.8005890785,6.088919118799149,56.9027574907865,0.39382624541593586,2.6507422956815714
1335906.9755507847,13.410719388698883,69.76220660843603,1.0766031409657975,21.69106767615806
50207.05239686761,1.2097382750976386,10.917120518456246,7.261812535610154,7.795769063389044
300944.4300586346,5.983827378165191,126.49921525525224,0.8601880865821632,3.56390912005236
196310.77011207963,0.5932716748892669,14.596564580405927,2.4739651573324197,1.3448539026225972
68381.52965975537,1.2356916591251217,15.714925566031187,10.92559288934729,13.96481574933159
119117.4052282825,0.33297141967399535,14.697183986855919,3.693478911913994,0.6081171672068018
291409.5116060537,7.111413479847776,84.67964102713107,0.38576420204344064,3.2239141340646613
44194.509116226975,1.7931820093775466,24.344972818270193,9.503282509819536,21.394588682018867
136774.25793446947,0.45428001693199627,19.510139565701042,4.738899663797579,0.07690606888095308
191393.67438770068,9.15414425436108,88.48240234744988,0.19489496581505222,1.9037249131047982
90267.74495053246,2.330629607273935,17.227783784743465,6.3538252767771155,19.75565348589857
194440.21692175837,7.593909227914015,65.87080962352026,0.36161838602375107,1.5599491174057056
149534.98394306927,0.3343005950439508,27.25023212486713,3.778936503512114,1.5847949962138868
60159.82653825087,2.3036727880099965,9.797832965500067,4.7965912352624205,16.696244177856357
456929.0456764095,9.141197337186318,101.83833825654516,0.35997583701216535,1.8569950872695165
41134.354976169794,0.9879065878353975,17.043720159027316,7.366609283516917,14.220366878589276
367469.9906574938,5.925507691347088,91.82719253381083,0.46657638393662915,3.0786351903160907
261979.26184716527,10.8831372413158,84.62618520506001,0.4801648272441234,3.1255764534715422
295833.9225827536,5.409842455872768,78.86426773858778,0.7094196605224309,4.628396623128538
123795.58010327037,0.5346683328740817,33.5785050957308,3.8389405004696124,1.2757381376197616
323047.4640657457,7.619322643832784,53.97327416675273,0.5293427372866646,1.0017993154678924
109145.56844659048,0.6276783851216766,38.408330261101526,2.322435347664345,0.5214245425524786
238633.44875748956,6.674752482108307,51.64354986946289,0.5265939348293752,3.6387302220291846
260568.37337394292,12.541385715608792,98.65405788681176,0.49045772877160404,1.429499396376823
300393.2774788637,9.73921184021132,86.3068986465836,0.5119260739840348,3.122297503032284
327494.8684572636,2.6062267141168567,90.94004745378763,0.6304645756826839,3.034083468259226
32030.640364179253,0.6196186204220911,6.280028350447726,12.120975635488874,16.790867703241112
55347.84628143806,2.119141535716818,12.124762246052448,8.56874484979623,17.243677791764956
13960.391248399603,1.2244071418357332,13.954777899493,7.818017558556138,20.04768600285597
76034.82578797596,1.7568000532848582,9.21229621620964,4.568821378038015,17.900383147391988
53693.60611729817,1.7343871280375118,23.63357399434971,4.916974577222126,19.28060095326571
34280.21078984101,1.4164391431067942,14.572899001983437,10.39982570582615,14.894376972164292
208935.8540409201,4.390235798670962,79.5843999275357,0.19536261904324503,1.853654606981312
46500.80486609183,1.6203765897442841,8.124214925252788,6.037772950617729,19.692498550346563
372867.82132157666,10.690840092309955,75.29187454944818,0.9284540717223728,3.4137990974514985
181770.90151046132,0.0,36.61218057533777,3.0853181425650242,0.25173537245496047
305063.8861057582,8.447768048558263,109.57152900156842,0.5848331892803833,5.145149127773388
347125.913194821,6.191366749791182,65.3206865903445,0.4868499477854024,3.3287624103034803
152996.63151331642,0.9825230843225832,24.005484881430213,2.1695555934434347,0.9582810151048196
6942.18814095034,1.8674388930249086,12.516863298278249,13.131840117745776,14.942190916486883
108879.00338088998,0.455359549073039,14.046903720862682,2.4416982460539693,1.195347960464072
36618.54522680167,2.4422931529673044,19.30295112495298,4.728802767671462,19.496450879944053
99859.99034865582,2.0867369287426625,0.0,7.493534830429968,15.025689079243751
0.0,1.2733859753363623,10.227591539165823,3.2475921709835305,20.49775237268327
51636.5871709513,1.6998439758763209,0.0,5.217940597428278,14.64654816317866
23057.47420940607,1.0008072804058543,5.998012052366551,11.797123522594102,14.893914963003759
53211.47962099729,1.2240709270537766,12.145316740036549,2.3744825910627663,16.23220215801641
361906.2261741022,7.522103906267181,70.92194191658521,0.5498767367421511,3.870067730688754
239377.62859836363,10.287508086413858,98.89613034121626,0.6520829312288595,1.896410682784229
49817.62006711593,1.6905791924413889,21.748070750817362,10.858623641608816,10.492930124360779
173817.88846781096,0.634572247193364,22.483243821638162,3.6067230591361827,0.3502093815362012
142610.98405912644,0.44666953415311705,42.787089507716395,1.6473297141564656,1.3713412091798611
180060.33744645573,0.42851091543791453,41.104688972241675,3.261250531233856,1.7436230776679635
218032.92979193255,0.4961479240531211,26.197386157326378,3.4183982208886836,0.5390700934373434
353815.66918469715,7.14623786010516,65.57285843750091,0.6294391879405482,5.579709337654318
66355.32598400574,0.8878508818553171,2.6208551478200572,10.226382473215676,23.92520058477053
351760.79937833344,10.402427844327889,111.58255983085621,0.48205286114255463,4.0225704320096405
238087.71024056163,6.279173269432095,90.14471362353302,0.29575343657385733,4.18947048892464
401540.42806240596,6.042472568435385,100.35601673694299,0.628168572253402,3.5524899544171475
35899.76288483183,1.3386600805789322,20.95613141375713,7.60209876085228,16.154774517119428
279794.48741665814,7.683984202842021,59.90062159795037,0.5798446245210559,2.911717951648745
301575.2881224569,9.510782451651512,110.47924516839652,0.5558043051540679,3.3649610024662255
307274.6973744539,4.6611894377572565,91.38724245340941,0.7147263499719544,4.105525932957984
45504.69196214633,1.7962634746005914,27.537381852111682,8.063934946015827,14.794425105646056
348403.19621888606,11.186373253278795,73.30793948638147,0.8455086340201423,2.814712341122292
110379.00395000193,0.3260673837450611,16.3882932644015,3.6793732829565036,0.8201156771054572
30567.71922978697,1.6508959499097329,7.933530176850891,5.401475455356497,11.472501395089129
359374.7020472202,8.096169893322765,92.34196092868011,0.5754423750129042,2.245724149980642
23375.340928844438,1.6412899752441499,16.158633643578867,3.151068174690236,16.120644635278428
111863.76107168928,0.46744141878554113,20.99523244674051,3.4620608932518966,0.6207523326499653
255632.14583731274,6.272018460640368,126.11506036762475,0.6492507132054441,1.9465844368263439
46541.07880153154,2.1105168477626766,10.566407404981835,7.606229098723086,17.37422688912345
10490.668672922577,1.8241402169219296,18.48028839428789,4.039932466337882,11.322461633654306
249212.87163659162,5.577967600475087,43.137993498291834,0.06023880867598358,3.45353430151398
117094.17554623717,0.5041772976591924,42.40435488925201,1.9082991238606857,1.286028720857072
1260739.0048162863,13.823675540603528,63.11859353098108,1.586590462925591,18.998517964721117
192544.8981083986,0.2777084086125936,17.864834770859794,3.890383163519786,1.1126539610204709
206416.26135263627,7.558060800933554,86.55432546460553,0.42245968801280315,1.8803301053738561
69134.04633589167,1.2084612807155308,12.37007909908783,7.090460651497174,12.630142963388423
153593.41503581236,5.155492580804651,101.11196232413731,0.8693414651472067,3.4300416471910697
144941.84249700926,7.48081729727279,57.05467148250483,0.7157361666862592,2.418319086051356
325631.69818328694,7.081278200919511,104.0141317091737,0.8006796603534301,2.0175126064616906
37885.70153993323,1.4261987068506656,13.946155690329618,8.861372495605472,18.449573889531035
237957.67923357576,7.158031038359474,100.8074371058158,0.589541712003463,2.6751686164913777
2120981.135783017,11.680995077981915,60.72276251929232,2.079297789503702,29.770008817466014
1389578.1750144889,13.49472886924639,78.59921286021047,1.857000247046046,28.169595111590056
1699680.6550405975,15.275282329606506,61.19581638105169,1.367671583381022,21.42348145370016
301838.2630694207,8.036836758379103,100.98604645093141,0.5256208829821578,3.7589285897867653
318372.4928331542,9.059608355830566,69.00435413530371,0.6300402355917322,2.8499444129674734
74008.27815888851,1.883040139192345,15.08344709795349,10.90837160158021,14.347732144224944
58738.763394926995,1.2178762006713058,11.522151652525709,7.519601613300079,16.07650776498043
431650.56318324036,8.942936714271992,117.82433856445391,0.3852599992122842,3.3098207102270276
248031.78035545093,9.077820087369318,76.57088545646424,0.6297419775179285,2.9192834198914177
368839.6460291082,9.910284641002477,111.03756070914618,0.38890457616794905,3.395803533437409
328804.90867044806,7.328430601419743,82.81287096834161,0.8367855382915738,2.620872259012513
122473.15752542083,0.057627617734098635,38.387158265779235,1.22376476710168,1.249842555151467
37887.689205262715,1.255575289106863,17.98986538888776,7.704235603147215,11.908489328705564
464235.2199913254,5.0428275084403165,82.21359770159889,0.18321943530285534,2.0114088928490825
2085684.1405949853,17.90593497159867,75.68571305138914,1.9281993971617362,24.426317792665504
72312.06169919678,0.37170261819113803,46.86928284483798,3.1600182258527876,0.6070069836825088
163868.8468979096,0.6569208575796048,7.225130073101107,3.5225141052657576,0.27517739015073495
219928.46779630543,6.452421601792854,89.33121051920911,0.6790386440055465,2.298008312193245
64162.17353377181,1.9302367441798727,5.905069086129618,7.941741182336802,10.062604512480313
74553.37984946584,1.9980238429029082,10.64112664859084,9.229455970785537,19.002329272171913
111542.88251063509,0.5081838350791442,44.900150874134845,3.7833905092825955,0.8847996428971163
1882923.3126383321,18.092998567487854,58.06457146000789,1.6465362366493406,18.111653160214544
83451.44773675407,0.7890946666290781,17.4815077573995,10.017721103608194,20.569861200257314
133605.26417435412,0.4793490479701905,15.275816884446375,3.4577728661518856,0.8853046279659861
237825.37418084458,9.852355095063283,71.45464750754306,0.5737346617745802,3.9980101098596523
227630.74045649217,6.020790359482838,121.9097314975371,0.5076006956336401,3.0438114719791094
125418.19071839763,0.6436371451415869,7.886274557815866,3.2502002062516944,0.8641724448369734
395825.7616423882,5.7490219054032465,88.71731463627779,0.36216243638208645,3.8949243769444415
337349.87184340874,11.352874624550566,70.50079737853758,0.3637896685050238,3.281191423969376
360964.658912922,6.248763493230486,106.17664846096562,0.7413017933016713,3.9163276747024813
49878.58176920213,1.5905107793518534,14.619358824946007,8.210156489339544,13.254456437893726
243863.50975825847,8.258442363950454,48.34655104711267,0.5395821566925295,4.247742072673734
295535.598295365,8.070527103943457,70.87538541023059,0.1968511770005536,0.15145737936992454
2528561.113109458,15.783165816539668,44.154520642988686,1.576862552972764,21.73335383713144
1993251.387631033,19.433682134224547,47.252355435286745,0.9645537509694438,25.22785919951907
31921.847170704204,1.6342961394316284,15.095635306224597,8.5714990393372,19.506820547310333
47118.24888556769,1.709766221953514,19.686098170410677,7.888889608854764,13.855983112479556
180417.92559042247,9.513977233290703,106.51881134342395,0.7798710873172005,3.125224502647907
150010.35324590985,0.1798192043046969,10.27575468388055,3.4395012306202264,1.523658853310724
2187849.009172836,14.102977948602398,53.204427244766734,2.226767038578658,19.61127611035347
0.0,0.5044931785624093,10.977110191122366,3.650450092536139,1.103633664699472
211255.61155006685,4.615070740570362,51.73318773517735,0.448524692515331,2.4425082149921664
61166.538250434445,2.164097070924529,11.871796233909382,11.321242007860919,14.462765034117808
27932.667876522526,1.7454874758191257,7.034458676107682,10.850922775920727,13.104642611716336
291842.9888657357,9.742249406863385,145.44202891845106,0.539304233940294,1.610427533236404
159192.47723768474,0.609423823035042,18.13316743418496,1.496919698240182,1.0346721685181253
330969.85907067184,10.012585618428881,123.97138666710184,0.5487601427542398,3.597400069849858
56904.949494819564,6.600548984014829,83.21392151481604,0.8095010402660123,4.1487657003721035
288970.6963873396,8.094797342632829,95.34233957791304,0.3995891551294778,3.964087168288357
346808.98627891165,8.519445003442964,71.04576767257532,0.8131048058468682,2.9358616534070077
180788.55748855707,0.17846779457638823,8.898318889738285,4.059936384046622,0.5419040422593788
1765262.807032524,15.993790294210692,63.090604688673174,0.9043482513986757,27.575238431530238
31213.292123624913,1.4395259256961093,9.316068626047493,6.164692727284144,4.878849909014681
144838.9123533752,0.7280298077042533,45.75117355231703,3.04977368718096,1.4130235857207532
281057.388645513,7.77534390061834,66.89170121574806,0.37744226190312274,2.637559058596868
36638.190927139025,1.6544165062994818,10.902621353370959,0.0,17.787817618042943
1137541.0837434838,17.437577467182592,57.69166842262653,1.9816880646221608,23.42365377679827
298611.51480057073,7.024787551855013,95.83962962114134,0.5685450692755408,2.311849654822276
2369233.2899977053,15.29123264804412,62.72951921524955,1.2767425239664894,21.037396307836495
86520.19427093872,0.9401912833554944,9.41027812369171,8.056548868834543,16.62820914849814
221137.406804997,0.4531960281786037,26.89667379013629,3.4920188479927994,0.3538686524471907
134601.923518048,0.7250869568829539,32.90583770905327,1.851205964841344,0.33697615695898087
416336.3981641892,8.218789589209786,90.40920638086222,0.3697163992771103,2.3265093757561317
43817.67071594997,1.3615933500555397,7.138485377913714,13.514551030385368,11.776519734015245
203010.495374944,0.42919185781179525,44.57391015010716,3.5345056484805504,1.405698277245796
190356.12983186552,0.5876951477619454,37.96233278680647,4.995667489783965,1.8367260451492684
43950.60627023743,0.6195955940096121,14.541594393560766,5.74353078322825,16.870772687061734
422146.1659178469,9.64634116792383,121.21201182753785,0.2548468673995318,4.677700814076441
289321.538623403,5.510690593377166,72.51003308007654,0.6270343603363939,2.337099082449052
184941.43719482832,8.55993725263964,118.7274692244896,0.915052174525053,2.2815927344308027
48022.20693617715,1.1743215531040856,5.941615771740375,8.715106948204355,13.519955880471489
193719.4590356364,0.43645698064875316,30.363731056117093,2.928400748141933,0.4901678306539422
66670.5792321785,1.768326376263643,10.777957498938205,9.46756139044299,22.101243570438047
127337.57954884933,0.41415111594026766,28.641971214912367,1.4776408137821089,1.2411244763403286
124592.99011763446,0.21520856950997097,12.366993141604173,1.9706284918179284,1.0379776339580438
34885.096810143106,2.800841557090197,7.204847960098478,2.5081013094306295,16.478568768792375
26597.73947881281,1.8891805380833189,15.477799039281454,13.703572057259022,7.907870127172474
74721.86350420874,1.753917878144812,8.825683935922232,6.69354088829047,13.35674284818166
255046.87327846704,6.155669351644749,71.61492652278302,0.6849267365825538,2.570594458874747
414955.4184751933,12.150801597290878,86.92823555148867,0.7658305060264863,5.290942572590742
1849448.1522053557,14.017013560206696,62.21560630238765,0.877130610644006,29.328775970850607
308675.5975719644,9.451533247797384,105.35113909496249,0.40322283318913565,3.278994162223802
142774.0664642241,0.31958968912849794,36.169909365624164,1.9141748711148145,1.724249614946463
232618.89964887314,8.143132474438785,94.31083725918207,0.5416765615895105,3.10537550614596
59493.964657599055,1.8365906756349792,10.485878987242275,11.944743360752142,15.571772379054828
48884.61844684588,1.3745834917724764,10.373258393744587,5.076412085988076,16.041287355084883
308799.5537481586,7.0257492324706075,98.54423883229535,0.5092873096312298,1.9600940728744691
377434.894541336,9.008093031035688,57.44337819019991,0.7378033062215104,3.260673765823907
34931.64259307633,0.06386889335917534,10.446570157775536,7.375649428182381,16.727690178695763
1930867.8494144077,13.84475315875105,54.95225612681569,1.673224104748488,27.80392263184117
129535.87809434481,0.5101775403712037,21.06029538404467,3.4215866106144555,1.135747655412824
77807.25919332291,0.4639216636475184,19.952023390855395,2.6307228607537967,0.7099733793149785
1118479.9223186332,14.29623859987456,63.56381607879823,0.9285148510846885,27.024908554804778
88037.08025732636,0.4617944474799662,10.006769647154847,2.191734278359074,0.674988032796551
308513.8008938436,7.744164817038467,101.32012953703764,1.0053864851747245,2.651347865592141
346713.7449260624,11.753591625116131,76.57986903675265,0.5786970770843499,3.040591691203882
2411272.4560515946,12.574519191320437,48.96690918919436,1.3882686073370745,35.719720446626624
31586.528138412676,2.582501172450542,17.3042723781663,10.542265031451265,8.005872107047278
211947.31764697187,0.7228643389337744,44.62030303555409,2.001939372685587,1.088410436069699
49453.909209801364,2.2567248716210653,6.004186606230535,1.5445537960120852,14.210646318770696
263024.92990058754,10.959888277780053,111.82391528074196,0.6014548062214595,2.962777763490158
53408.32444750975,2.131292051713591,5.594802514474363,12.021351338069433,15.391932613883581
159865.78537027977,0.5303515984497481,41.91126846803728,2.1372242359568796,0.882796099841839
459161.7147759475,6.028547907328912,77.54667142668407,0.3725225745386964,3.494030186282739
20302.040631001928,2.5030464440795615,14.569842583245892,5.744092004783543,13.521558655825464
53387.21648072156,1.1782408848099286,16.4210633825546,6.394015442138231,20.217360971512612
297547.89389294304,11.338043050578786,100.19566781199849,0.408223147426212,2.796419639897638
1043359.877671101,11.411380127757987,89.55890534982343,1.0896588408241448,28.25695625652899
23763.27535299681,1.7942892022103047,31.158645407069166,5.470260214051425,12.829304801063913
321074.39008012746,11.37428327014513,101.0630392368838,0.6181309661384619,2.740957854179297
81230.22393453706,1.2336495801690444,13.206957935237035,8.32567911732957,17.064713148459834
43671.83100610396,1.0803951663304967,3.860509172259569,9.84610245203916,18.118642129077358
316806.93613578123,3.9237509296442923,83.16027622807292,0.364721539588146,4.384272818510518
25806.10514317785,1.05625391109895,12.40713306316442,6.71209332644822,19.403838539994283
181110.3572021701,0.9048619246573706,11.370405651341537,2.464198536947702,0.6183569479107092
373133.98000633135,6.696327784395682,108.69973529581544,0.5880028900106665,2.755843364709351
50563.62314738257,1.8766708105522663,12.736021895968774,7.587654456116924,8.716495391726003
150026.39794282988,0.4619921929997011,40.05690040233257,4.211943985386401,1.34102603285631
46260.57394029108,1.7223013341100704,18.890674255180528,9.654456128121403,13.111637689211491
293315.9970365409,4.993714093763788,93.17783390841721,0.4922983060998586,1.9852432693071331
186047.252553449,6.939484763255118,145.76063527799664,0.784100849597971,2.4496948461545798
30538.62118236889,0.56673169146347,8.353068077433406,10.690517947596597,17.580862343800227
205433.7034248716,7.874641805453656,128.3749462786883,0.3753718947150471,2.3744372984904705
126188.95632276704,0.4249607239352126,24.337795970288177,2.7060330523358176,1.2823029629468001
461488.6843133667,9.658811162366979,98.92343909321272,0.4107633133570441,2.246035411133324
206051.53336622356,0.7979726877204165,44.566041640368354,1.899845767028305,0.3367639358444585
256732.22582531977,6.287832348182265,44.1369375956162,0.5053771677989062,2.0316555451363647
183524.03086206064,0.5851774412386072,27.945427605594716,2.8441018220633323,1.5364890238830058
440712.8129411915,6.300311261070417,95.02032190148248,0.6754724581151343,2.7753668500029756
242024.26621084003,7.296973031917383,127.4987653919263,0.21384497957639037,3.853415558780308
333286.45711096714,6.8927013893056355,88.75403425842852,0.3895553911438058,3.5436001545944324
2171809.1447842307,15.015340369927383,66.26329878740277,1.529104359223,33.82727120140548
68991.08270882648,2.2710549762839376,5.625638831118722,8.639589884713068,17.486287559424202
305557.10853148316,4.690286656268461,89.6211535808765,0.8147973526580066,4.6391168054440675
10125.28714857089,2.0928520773314983,6.7321044794606335,9.904164405685309,10.225452672974079
1887111.8497567321,19.614109699397908,49.087350542463135,1.0920948575172809,15.66367403704126
61156.20612703724,1.07473977289535,11.532976817923188,3.194102564308494,17.003377899777828
159679.49556837723,0.6115382121450249,37.868602657807656,2.6429707991933906,0.9128228710485821
338950.9885680879,8.579549713792826,70.18469217029343,0.6285445519735088,0.5005942851264269
96386.59079963388,2.528103564970161,2.3092091045669427,6.3921096646578555,12.751327893686792
157617.7436016861,0.5487906395817,16.09675434152729,2.382746813453077,1.1702946082002483
336893.9378629879,7.044685106469767,88.98450449191466,0.09165302631514183,1.6659745050817956
55985.85160812984,0.7026484663666023,19.126076330769383,9.084510575618305,17.052341680389173
66769.81548903283,0.8515840260220767,17.42360904651717,11.485634907824572,14.561560784296677
103004.84494455677,0.29956250884370544,15.604424743351569,2.7484611139555044,0.5378834278658478
73812.92549572683,1.5922756515985186,14.714230777498404,10.014020229351397,13.627230898010358
58380.3801873209,2.2506668259777434,7.180926295917931,13.699645804685646,13.999813941604188
71717.91131663157,2.144876377041373,13.938475638696175,12.836834773965936,10.224299974403777
283991.4636216115,6.792029626568359,50.24013367564267,0.5486678898645384,2.153038651681672
299081.4920364814,9.277184917554749,88.70028612234435,0.38896009466136033,3.321357215450273
410651.7162712164,7.688645529215841,51.55956946520799,0.5704110793028594,0.8466098863962852
53667.19839558311,2.238765040527631,18.839271366774273,10.685114942228346,15.892955656516639
347222.1631442709,5.234400538071328,79.56234872536827,0.3366128658025528,3.346488475897993
22561.977141372874,1.386757950575084,9.649451105737068,7.3254320545757645,17.623603106119045
344123.79048634326,5.8369039927712105,75.00430061880967,0.4281415818425881,3.2387891590265134
163128.06645009626,0.7563287590007537,27.701332179503247,1.4821262533191906,0.988223924562881
80615.01664687395,1.8611906789138857,14.90839690376685,3.7810476089844984,10.081801622190333
324923.5508984694,12.891503959233653,108.76426894724725,0.8471927606330498,2.705050321707972
28059.142086178545,0.33782849775793233,38.77535112628903,3.6988284202025348,1.8747919521027103
344636.7769077685,9.08672038475987,42.95595857624099,0.2946969401177879,4.187030305560381
190894.48290125144,0.5975744569742147,15.497263912486222,3.501782736167545,0.30947769842311257
2732824.384460777,16.084186816525243,69.49238336451657,1.0552427851872384,36.573292833367546
371281.78786395374,9.66067163308849,82.31602292499247,0.4558071652340672,3.550052099024552
192310.33866154205,3.3961576705288303,34.23863442220441,0.3403405510923092,3.4770408272231217
395824.8671841319,6.815212151522262,53.2696955400892,0.22802877180401615,3.6127739050625696
71826.20241188537,1.7691480395248165,16.76558807773096,9.539317394528249,10.577181326056257
22662.42603169158,2.0120312629057313,19.124316309388508,11.228021415795794,19.504201003088674
287983.0019455539,0.3852796454206198,45.939000969107035,3.8876554258738363,0.42586835562369085
356047.0203842446,5.202864852361717,67.09575142697378,0.5057489645869635,5.088374704780728
